tensor([[483.4499]], device='cuda:0')
tensor([[486.2566]], device='cuda:0')
tensor([[495.0208]], device='cuda:0')
tensor([[495.0208]], device='cuda:0')
tensor([[486.3549]], device='cuda:0')
tensor([[495.0208]], device='cuda:0')
tensor([[491.2681]], device='cuda:0')
tensor([[498.6235]], device='cuda:0')
tensor([[501.4584]], device='cuda:0')
tensor([[486.2566]], device='cuda:0')
tensor([[484.8307]], device='cuda:0')
tensor([[495.0208]], device='cuda:0')
tensor([[495.0153]], device='cuda:0')
tensor([[486.2566]], device='cuda:0')
tensor([[486.2566]], device='cuda:0')
tensor([[498.6235]], device='cuda:0')
tensor([[496.0612]], device='cuda:0')
tensor([[486.2566]], device='cuda:0')
tensor([[486.2566]], device='cuda:0')
tensor([[486.6996]], device='cuda:0')
tensor([[484.8307]], device='cuda:0')
tensor([[495.0208]], device='cuda:0')
tensor([[486.2566]], device='cuda:0')
tensor([[496.0612]], device='cuda:0')
tensor([[484.8307]], device='cuda:0')
tensor([[498.6235]], device='cuda:0')
tensor([[498.6235]], device='cuda:0')
tensor([[495.0208]], device='cuda:0')
tensor([[497.6460]], device='cuda:0')
tensor([[486.2566]], device='cuda:0')
tensor([[497.5231]], device='cuda:0')
tensor([[486.2566]], device='cuda:0')
tensor([[490.8103]], device='cuda:0')
tensor([[493.3189]], device='cuda:0')
tensor([[486.2566]], device='cuda:0')
tensor([[495.0208]], device='cuda:0')
tensor([[486.2566]], device='cuda:0')
tensor([[494.4500]], device='cuda:0')
tensor([[484.8307]], device='cuda:0')
tensor([[497.6460]], device='cuda:0')
tensor([[480.2744]], device='cuda:0')
tensor([[497.5231]], device='cuda:0')
tensor([[501.4584]], device='cuda:0')
tensor([[495.0208]], device='cuda:0')
tensor([[495.0208]], device='cuda:0')
tensor([[486.3549]], device='cuda:0')
tensor([[490.1567]], device='cuda:0')
tensor([[486.3549]], device='cuda:0')
tensor([[501.4584]], device='cuda:0')
tensor([[501.4584]], device='cuda:0')
tensor([[498.6235]], device='cuda:0')
tensor([[498.6235]], device='cuda:0')
tensor([[496.0612]], device='cuda:0')
tensor([[486.2566]], device='cuda:0')
tensor([[497.6460]], device='cuda:0')
tensor([[498.6235]], device='cuda:0')
tensor([[495.0174]], device='cuda:0')
tensor([[486.5893]], device='cuda:0')
tensor([[486.2566]], device='cuda:0')
tensor([[493.3189]], device='cuda:0')
tensor([[490.8103]], device='cuda:0')
tensor([[479.8857]], device='cuda:0')
tensor([[486.0181]], device='cuda:0')
tensor([[484.8307]], device='cuda:0')
tensor([[498.6235]], device='cuda:0')
tensor([[486.2566]], device='cuda:0')
tensor([[492.7044]], device='cuda:0')
tensor([[486.3549]], device='cuda:0')
tensor([[497.5231]], device='cuda:0')
tensor([[484.8307]], device='cuda:0')
tensor([[486.3549]], device='cuda:0')
tensor([[498.6235]], device='cuda:0')
tensor([[498.6235]], device='cuda:0')
tensor([[486.3549]], device='cuda:0')
tensor([[486.3549]], device='cuda:0')
tensor([[495.0153]], device='cuda:0')
tensor([[495.0174]], device='cuda:0')
tensor([[498.6235]], device='cuda:0')
tensor([[498.6235]], device='cuda:0')
tensor([[486.2566]], device='cuda:0')
tensor([[486.2566]], device='cuda:0')
tensor([[496.0612]], device='cuda:0')
tensor([[486.3549]], device='cuda:0')
tensor([[490.8103]], device='cuda:0')
tensor([[490.1567]], device='cuda:0')
tensor([[498.0297]], device='cuda:0')
tensor([[498.6235]], device='cuda:0')
tensor([[486.3549]], device='cuda:0')
tensor([[495.0208]], device='cuda:0')
tensor([[480.2744]], device='cuda:0')
tensor([[482.6281]], device='cuda:0')
tensor([[497.6460]], device='cuda:0')
tensor([[501.4584]], device='cuda:0')
tensor([[495.0208]], device='cuda:0')
tensor([[486.2566]], device='cuda:0')
tensor([[494.4500]], device='cuda:0')
tensor([[486.3549]], device='cuda:0')
tensor([[497.5231]], device='cuda:0')
tensor([[486.2566]], device='cuda:0')
tensor([[493.3189]], device='cuda:0')
tensor([[495.0174]], device='cuda:0')
tensor([[486.3549]], device='cuda:0')
tensor([[497.6460]], device='cuda:0')
tensor([[495.0208]], device='cuda:0')
tensor([[486.3549]], device='cuda:0')
tensor([[480.2744]], device='cuda:0')
tensor([[479.8857]], device='cuda:0')
tensor([[492.7044]], device='cuda:0')
tensor([[490.8103]], device='cuda:0')
tensor([[490.8103]], device='cuda:0')
tensor([[484.8307]], device='cuda:0')
tensor([[490.8103]], device='cuda:0')
tensor([[498.6235]], device='cuda:0')
tensor([[497.5231]], device='cuda:0')
tensor([[498.6235]], device='cuda:0')
tensor([[486.0181]], device='cuda:0')
tensor([[497.5231]], device='cuda:0')
tensor([[490.8103]], device='cuda:0')
tensor([[490.8103]], device='cuda:0')
tensor([[486.3549]], device='cuda:0')
tensor([[498.6235]], device='cuda:0')
tensor([[495.0208]], device='cuda:0')
tensor([[486.3549]], device='cuda:0')
tensor([[484.8307]], device='cuda:0')
tensor([[486.2566]], device='cuda:0')
tensor([[493.3189]], device='cuda:0')
tensor([[486.3549]], device='cuda:0')
tensor([[498.6235]], device='cuda:0')
tensor([[486.2566]], device='cuda:0')
tensor([[498.6235]], device='cuda:0')
tensor([[486.3549]], device='cuda:0')
tensor([[485.6931]], device='cuda:0')
tensor([[484.8307]], device='cuda:0')
tensor([[495.0208]], device='cuda:0')
tensor([[496.0612]], device='cuda:0')
tensor([[495.0153]], device='cuda:0')
tensor([[495.0153]], device='cuda:0')
tensor([[486.3549]], device='cuda:0')
tensor([[496.0612]], device='cuda:0')
tensor([[498.6235]], device='cuda:0')
tensor([[493.3189]], device='cuda:0')
tensor([[496.0612]], device='cuda:0')
tensor([[501.4584]], device='cuda:0')
tensor([[485.6931]], device='cuda:0')
tensor([[486.1164]], device='cuda:0')
tensor([[484.8307]], device='cuda:0')
tensor([[486.2566]], device='cuda:0')
tensor([[486.3549]], device='cuda:0')
tensor([[486.2566]], device='cuda:0')
tensor([[486.3549]], device='cuda:0')
tensor([[495.0153]], device='cuda:0')
tensor([[498.6235]], device='cuda:0')
tensor([[480.2744]], device='cuda:0')
tensor([[497.5231]], device='cuda:0')
tensor([[486.3549]], device='cuda:0')
tensor([[498.6235]], device='cuda:0')
tensor([[495.0208]], device='cuda:0')
tensor([[486.2566]], device='cuda:0')
tensor([[493.3189]], device='cuda:0')
tensor([[496.0612]], device='cuda:0')
tensor([[498.6235]], device='cuda:0')
tensor([[486.2566]], device='cuda:0')
tensor([[495.0174]], device='cuda:0')
tensor([[486.1164]], device='cuda:0')
tensor([[492.7044]], device='cuda:0')
tensor([[486.2566]], device='cuda:0')
tensor([[486.2566]], device='cuda:0')
tensor([[486.2566]], device='cuda:0')
tensor([[480.2744]], device='cuda:0')
tensor([[486.5893]], device='cuda:0')
tensor([[496.0612]], device='cuda:0')
tensor([[490.1567]], device='cuda:0')
tensor([[498.6235]], device='cuda:0')
tensor([[497.5231]], device='cuda:0')
tensor([[495.0153]], device='cuda:0')
tensor([[496.0612]], device='cuda:0')
tensor([[486.2566]], device='cuda:0')
tensor([[498.6235]], device='cuda:0')
tensor([[486.2566]], device='cuda:0')
tensor([[489.2705]], device='cuda:0')
tensor([[493.3189]], device='cuda:0')
tensor([[501.4584]], device='cuda:0')
tensor([[490.8103]], device='cuda:0')
tensor([[486.3549]], device='cuda:0')
tensor([[486.2566]], device='cuda:0')
tensor([[498.6235]], device='cuda:0')
tensor([[486.3549]], device='cuda:0')
tensor([[486.2566]], device='cuda:0')
tensor([[495.0208]], device='cuda:0')
tensor([[493.3189]], device='cuda:0')
tensor([[490.8103]], device='cuda:0')
tensor([[490.1567]], device='cuda:0')
tensor([[495.0208]], device='cuda:0')
tensor([[498.6235]], device='cuda:0')
tensor([[494.4500]], device='cuda:0')
tensor([[490.1567]], device='cuda:0')
tensor([[495.0208]], device='cuda:0')
tensor([[486.2566]], device='cuda:0')
tensor([[486.1164]], device='cuda:0')
tensor([[492.7044]], device='cuda:0')
tensor([[486.3549]], device='cuda:0')
tensor([[486.3549]], device='cuda:0')
tensor([[486.2566]], device='cuda:0')
tensor([[495.0153]], device='cuda:0')
tensor([[487.7513]], device='cuda:0')
tensor([[490.8103]], device='cuda:0')
tensor([[486.3549]], device='cuda:0')
tensor([[486.2566]], device='cuda:0')
tensor([[557.7719]], device='cuda:0')
tensor([[373.7675]], device='cuda:0')
tensor([[146.3779]], device='cuda:0')
tensor([[75.4891]], device='cuda:0')
tensor([[75.4891]], device='cuda:0')
tensor([[108.3205]], device='cuda:0')
tensor([[80.3276]], device='cuda:0')
tensor([[75.4891]], device='cuda:0')
tensor([[75.4891]], device='cuda:0')
tensor([[80.3276]], device='cuda:0')
tensor([[75.4891]], device='cuda:0')
tensor([[75.4891]], device='cuda:0')
tensor([[75.4891]], device='cuda:0')
tensor([[75.4891]], device='cuda:0')
tensor([[75.4891]], device='cuda:0')
tensor([[75.4891]], device='cuda:0')
tensor([[80.3276]], device='cuda:0')
tensor([[127.6419]], device='cuda:0')
tensor([[279.2519]], device='cuda:0')
tensor([[418.2755]], device='cuda:0')
tensor([[415.8035]], device='cuda:0')
tensor([[411.1144]], device='cuda:0')
tensor([[421.7119]], device='cuda:0')
tensor([[446.7011]], device='cuda:0')
tensor([[451.3521]], device='cuda:0')
tensor([[430.4030]], device='cuda:0')
tensor([[450.1350]], device='cuda:0')
tensor([[418.7860]], device='cuda:0')
tensor([[434.2163]], device='cuda:0')
tensor([[423.6620]], device='cuda:0')
tensor([[408.1288]], device='cuda:0')
tensor([[426.4366]], device='cuda:0')
tensor([[417.6636]], device='cuda:0')
tensor([[434.1071]], device='cuda:0')
tensor([[403.9124]], device='cuda:0')
tensor([[341.7378]], device='cuda:0')
tensor([[356.4811]], device='cuda:0')
tensor([[332.2447]], device='cuda:0')
tensor([[282.8893]], device='cuda:0')
tensor([[385.5097]], device='cuda:0')
tensor([[495.1448]], device='cuda:0')
tensor([[309.1895]], device='cuda:0')
tensor([[319.4139]], device='cuda:0')
tensor([[536.2209]], device='cuda:0')
tensor([[478.3121]], device='cuda:0')
tensor([[494.8634]], device='cuda:0')
tensor([[569.3821]], device='cuda:0')
tensor([[651.5464]], device='cuda:0')
tensor([[639.0342]], device='cuda:0')
tensor([[672.2188]], device='cuda:0')
tensor([[640.1769]], device='cuda:0')
tensor([[665.8005]], device='cuda:0')
tensor([[663.6721]], device='cuda:0')
tensor([[746.6401]], device='cuda:0')
tensor([[737.5357]], device='cuda:0')
tensor([[748.0949]], device='cuda:0')
tensor([[783.7850]], device='cuda:0')
tensor([[710.3205]], device='cuda:0')
tensor([[852.8315]], device='cuda:0')
tensor([[819.3853]], device='cuda:0')
tensor([[826.7806]], device='cuda:0')
tensor([[816.4626]], device='cuda:0')
tensor([[817.3895]], device='cuda:0')
tensor([[830.7592]], device='cuda:0')
tensor([[813.5546]], device='cuda:0')
tensor([[863.7037]], device='cuda:0')
tensor([[872.0861]], device='cuda:0')
tensor([[842.4019]], device='cuda:0')
tensor([[981.3591]], device='cuda:0')
tensor([[838.6683]], device='cuda:0')
tensor([[848.9229]], device='cuda:0')
tensor([[946.1490]], device='cuda:0')
tensor([[915.9724]], device='cuda:0')
tensor([[925.5284]], device='cuda:0')
tensor([[961.9139]], device='cuda:0')
tensor([[1003.0511]], device='cuda:0')
tensor([[897.9893]], device='cuda:0')
tensor([[898.0784]], device='cuda:0')
tensor([[974.9327]], device='cuda:0')
tensor([[988.8922]], device='cuda:0')
tensor([[936.3177]], device='cuda:0')
tensor([[921.7923]], device='cuda:0')
tensor([[976.2704]], device='cuda:0')
tensor([[905.5859]], device='cuda:0')
tensor([[953.7874]], device='cuda:0')
tensor([[892.4648]], device='cuda:0')
tensor([[875.9741]], device='cuda:0')
tensor([[944.6773]], device='cuda:0')
tensor([[953.6675]], device='cuda:0')
tensor([[942.2007]], device='cuda:0')
tensor([[919.6230]], device='cuda:0')
tensor([[909.2736]], device='cuda:0')
tensor([[914.0891]], device='cuda:0')
tensor([[960.6017]], device='cuda:0')
tensor([[967.2575]], device='cuda:0')
tensor([[941.9269]], device='cuda:0')
tensor([[916.1483]], device='cuda:0')
tensor([[980.0902]], device='cuda:0')
tensor([[893.4095]], device='cuda:0')
tensor([[935.1997]], device='cuda:0')
tensor([[952.9432]], device='cuda:0')
tensor([[940.8040]], device='cuda:0')
tensor([[938.5889]], device='cuda:0')
tensor([[906.6637]], device='cuda:0')
tensor([[1016.8677]], device='cuda:0')
tensor([[969.1212]], device='cuda:0')
tensor([[841.2626]], device='cuda:0')
tensor([[958.6417]], device='cuda:0')
tensor([[854.6266]], device='cuda:0')
tensor([[932.6857]], device='cuda:0')
tensor([[961.6689]], device='cuda:0')
tensor([[943.4166]], device='cuda:0')
tensor([[958.5491]], device='cuda:0')
tensor([[952.8304]], device='cuda:0')
tensor([[944.8716]], device='cuda:0')
tensor([[915.7575]], device='cuda:0')
tensor([[974.6105]], device='cuda:0')
tensor([[940.2489]], device='cuda:0')
tensor([[880.2740]], device='cuda:0')
tensor([[908.6512]], device='cuda:0')
tensor([[943.8318]], device='cuda:0')
tensor([[909.6433]], device='cuda:0')
tensor([[944.2751]], device='cuda:0')
tensor([[893.6629]], device='cuda:0')
tensor([[898.6808]], device='cuda:0')
tensor([[862.3293]], device='cuda:0')
tensor([[891.0978]], device='cuda:0')
tensor([[898.6146]], device='cuda:0')
tensor([[932.3946]], device='cuda:0')
tensor([[884.6601]], device='cuda:0')
tensor([[968.2801]], device='cuda:0')
tensor([[955.5782]], device='cuda:0')
tensor([[953.8728]], device='cuda:0')
tensor([[942.8841]], device='cuda:0')
tensor([[895.7501]], device='cuda:0')
tensor([[903.6891]], device='cuda:0')
tensor([[964.5460]], device='cuda:0')
tensor([[937.8814]], device='cuda:0')
tensor([[894.3973]], device='cuda:0')
tensor([[964.6658]], device='cuda:0')
tensor([[866.8107]], device='cuda:0')
tensor([[941.9834]], device='cuda:0')
tensor([[997.9792]], device='cuda:0')
tensor([[894.4420]], device='cuda:0')
tensor([[913.2883]], device='cuda:0')
tensor([[880.5142]], device='cuda:0')
tensor([[839.8990]], device='cuda:0')
tensor([[929.7410]], device='cuda:0')
tensor([[920.6961]], device='cuda:0')
tensor([[939.3493]], device='cuda:0')
tensor([[872.1366]], device='cuda:0')
tensor([[961.3335]], device='cuda:0')
tensor([[955.5576]], device='cuda:0')
tensor([[926.9913]], device='cuda:0')
tensor([[962.8071]], device='cuda:0')
tensor([[929.7239]], device='cuda:0')
tensor([[894.6231]], device='cuda:0')
tensor([[920.3577]], device='cuda:0')
tensor([[951.6673]], device='cuda:0')
tensor([[901.0581]], device='cuda:0')
tensor([[897.9347]], device='cuda:0')
tensor([[950.9035]], device='cuda:0')
tensor([[904.8766]], device='cuda:0')
tensor([[935.9229]], device='cuda:0')
tensor([[900.8353]], device='cuda:0')
tensor([[948.3130]], device='cuda:0')
tensor([[946.0389]], device='cuda:0')
tensor([[956.5326]], device='cuda:0')
tensor([[955.5755]], device='cuda:0')
tensor([[923.8558]], device='cuda:0')
tensor([[840.6686]], device='cuda:0')
tensor([[903.1481]], device='cuda:0')
tensor([[903.1288]], device='cuda:0')
tensor([[864.2390]], device='cuda:0')
tensor([[866.3223]], device='cuda:0')
tensor([[976.3077]], device='cuda:0')
tensor([[866.1783]], device='cuda:0')
tensor([[948.2515]], device='cuda:0')
tensor([[816.6457]], device='cuda:0')
tensor([[821.7592]], device='cuda:0')
tensor([[942.1381]], device='cuda:0')
tensor([[974.8510]], device='cuda:0')
tensor([[926.2012]], device='cuda:0')
tensor([[951.9932]], device='cuda:0')
tensor([[898.8447]], device='cuda:0')
tensor([[908.5079]], device='cuda:0')
tensor([[964.8145]], device='cuda:0')
tensor([[896.1862]], device='cuda:0')
tensor([[928.6925]], device='cuda:0')
tensor([[918.6739]], device='cuda:0')
tensor([[1012.5394]], device='cuda:0')
tensor([[981.0099]], device='cuda:0')
tensor([[953.5582]], device='cuda:0')
tensor([[961.2444]], device='cuda:0')
tensor([[926.3701]], device='cuda:0')
tensor([[942.3681]], device='cuda:0')
tensor([[972.2319]], device='cuda:0')
tensor([[943.3128]], device='cuda:0')
tensor([[938.4082]], device='cuda:0')
tensor([[906.1561]], device='cuda:0')
tensor([[909.2535]], device='cuda:0')
tensor([[929.9315]], device='cuda:0')
tensor([[946.6412]], device='cuda:0')
tensor([[923.0513]], device='cuda:0')
tensor([[973.0219]], device='cuda:0')
tensor([[935.9115]], device='cuda:0')
tensor([[991.2794]], device='cuda:0')
tensor([[887.6674]], device='cuda:0')
tensor([[942.3213]], device='cuda:0')
tensor([[974.8489]], device='cuda:0')
tensor([[922.8952]], device='cuda:0')
tensor([[956.4846]], device='cuda:0')
tensor([[1006.3111]], device='cuda:0')
tensor([[907.5474]], device='cuda:0')
tensor([[959.5263]], device='cuda:0')
tensor([[929.6588]], device='cuda:0')
tensor([[939.1130]], device='cuda:0')
tensor([[982.6162]], device='cuda:0')
tensor([[1003.6185]], device='cuda:0')
tensor([[970.4760]], device='cuda:0')
tensor([[947.4235]], device='cuda:0')
tensor([[1013.4903]], device='cuda:0')
tensor([[977.8492]], device='cuda:0')
tensor([[986.7943]], device='cuda:0')
tensor([[996.9700]], device='cuda:0')
tensor([[958.9136]], device='cuda:0')
tensor([[976.1436]], device='cuda:0')
tensor([[989.4581]], device='cuda:0')
tensor([[956.3754]], device='cuda:0')
tensor([[939.8277]], device='cuda:0')
tensor([[1000.6802]], device='cuda:0')
tensor([[952.7231]], device='cuda:0')
tensor([[978.0016]], device='cuda:0')
tensor([[998.4530]], device='cuda:0')
tensor([[983.2660]], device='cuda:0')
tensor([[940.7790]], device='cuda:0')
tensor([[917.9733]], device='cuda:0')
tensor([[1000.9012]], device='cuda:0')
tensor([[989.9512]], device='cuda:0')
tensor([[963.7883]], device='cuda:0')
tensor([[963.4312]], device='cuda:0')
tensor([[1008.2955]], device='cuda:0')
tensor([[982.9781]], device='cuda:0')
tensor([[985.6474]], device='cuda:0')
tensor([[984.0639]], device='cuda:0')
tensor([[990.8508]], device='cuda:0')
tensor([[981.2335]], device='cuda:0')
tensor([[987.0671]], device='cuda:0')
tensor([[958.2761]], device='cuda:0')
tensor([[933.9222]], device='cuda:0')
tensor([[1007.5841]], device='cuda:0')
tensor([[983.4172]], device='cuda:0')
tensor([[1020.8832]], device='cuda:0')
tensor([[963.8236]], device='cuda:0')
tensor([[955.6259]], device='cuda:0')
tensor([[974.4192]], device='cuda:0')
tensor([[981.7865]], device='cuda:0')
tensor([[940.9476]], device='cuda:0')
tensor([[968.0814]], device='cuda:0')
tensor([[977.4883]], device='cuda:0')
tensor([[960.7829]], device='cuda:0')
tensor([[986.1230]], device='cuda:0')
tensor([[971.4266]], device='cuda:0')
tensor([[1010.3128]], device='cuda:0')
tensor([[1051.9325]], device='cuda:0')
tensor([[954.1114]], device='cuda:0')
tensor([[911.6035]], device='cuda:0')
tensor([[920.4366]], device='cuda:0')
tensor([[939.3945]], device='cuda:0')
tensor([[955.0973]], device='cuda:0')
tensor([[1013.1777]], device='cuda:0')
tensor([[964.3705]], device='cuda:0')
tensor([[944.4222]], device='cuda:0')
tensor([[1019.9335]], device='cuda:0')
tensor([[946.8508]], device='cuda:0')
tensor([[973.7803]], device='cuda:0')
tensor([[960.7413]], device='cuda:0')
tensor([[919.8642]], device='cuda:0')
tensor([[924.4022]], device='cuda:0')
tensor([[969.3290]], device='cuda:0')
tensor([[957.9292]], device='cuda:0')
tensor([[947.9743]], device='cuda:0')
tensor([[976.1941]], device='cuda:0')
tensor([[968.0946]], device='cuda:0')
tensor([[948.7991]], device='cuda:0')
tensor([[942.2130]], device='cuda:0')
tensor([[927.7079]], device='cuda:0')
tensor([[991.2801]], device='cuda:0')
tensor([[979.9995]], device='cuda:0')
tensor([[943.2706]], device='cuda:0')
tensor([[987.1360]], device='cuda:0')
tensor([[956.4940]], device='cuda:0')
tensor([[981.1778]], device='cuda:0')
tensor([[989.7101]], device='cuda:0')
tensor([[995.1333]], device='cuda:0')
tensor([[860.6267]], device='cuda:0')
tensor([[980.9321]], device='cuda:0')
tensor([[911.2928]], device='cuda:0')
tensor([[957.7005]], device='cuda:0')
tensor([[1020.1579]], device='cuda:0')
tensor([[1028.8693]], device='cuda:0')
tensor([[1014.6007]], device='cuda:0')
tensor([[940.3660]], device='cuda:0')
tensor([[936.4330]], device='cuda:0')
tensor([[950.5210]], device='cuda:0')
tensor([[914.0586]], device='cuda:0')
tensor([[1010.0742]], device='cuda:0')
tensor([[958.5646]], device='cuda:0')
tensor([[983.4673]], device='cuda:0')
tensor([[970.3567]], device='cuda:0')
tensor([[967.5463]], device='cuda:0')
tensor([[963.2100]], device='cuda:0')
tensor([[959.6915]], device='cuda:0')
tensor([[950.5165]], device='cuda:0')
tensor([[980.4165]], device='cuda:0')
tensor([[979.7384]], device='cuda:0')
tensor([[933.3391]], device='cuda:0')
tensor([[974.3751]], device='cuda:0')
tensor([[1021.5690]], device='cuda:0')
tensor([[986.6819]], device='cuda:0')
tensor([[972.1423]], device='cuda:0')
tensor([[919.5402]], device='cuda:0')
tensor([[956.8954]], device='cuda:0')
tensor([[1012.7156]], device='cuda:0')
tensor([[932.2696]], device='cuda:0')
tensor([[965.7731]], device='cuda:0')
tensor([[980.8525]], device='cuda:0')
tensor([[1022.8804]], device='cuda:0')
tensor([[923.4755]], device='cuda:0')
tensor([[1001.2095]], device='cuda:0')
tensor([[918.5508]], device='cuda:0')
tensor([[991.0978]], device='cuda:0')
tensor([[1007.3345]], device='cuda:0')
tensor([[976.7894]], device='cuda:0')
tensor([[983.8284]], device='cuda:0')
tensor([[970.4868]], device='cuda:0')
tensor([[953.2377]], device='cuda:0')
tensor([[990.0880]], device='cuda:0')
tensor([[919.6536]], device='cuda:0')
tensor([[993.0941]], device='cuda:0')
tensor([[981.3117]], device='cuda:0')
tensor([[945.7763]], device='cuda:0')
tensor([[953.4449]], device='cuda:0')
tensor([[981.1243]], device='cuda:0')
tensor([[962.8026]], device='cuda:0')
tensor([[968.2745]], device='cuda:0')
tensor([[1020.1441]], device='cuda:0')
tensor([[992.1785]], device='cuda:0')
tensor([[952.0212]], device='cuda:0')
tensor([[976.2119]], device='cuda:0')
tensor([[987.8596]], device='cuda:0')
tensor([[974.7997]], device='cuda:0')
tensor([[923.6944]], device='cuda:0')
tensor([[903.0914]], device='cuda:0')
tensor([[997.9410]], device='cuda:0')
tensor([[982.4385]], device='cuda:0')
tensor([[942.0688]], device='cuda:0')
tensor([[1012.6232]], device='cuda:0')
tensor([[979.9179]], device='cuda:0')
tensor([[978.3878]], device='cuda:0')
tensor([[982.4426]], device='cuda:0')
tensor([[983.8310]], device='cuda:0')
tensor([[916.5541]], device='cuda:0')
tensor([[1015.6124]], device='cuda:0')
tensor([[1002.2825]], device='cuda:0')
tensor([[927.8515]], device='cuda:0')
tensor([[912.0455]], device='cuda:0')
tensor([[981.8192]], device='cuda:0')
tensor([[996.8814]], device='cuda:0')
tensor([[940.8989]], device='cuda:0')
tensor([[990.4340]], device='cuda:0')
tensor([[950.8292]], device='cuda:0')
tensor([[942.7558]], device='cuda:0')
tensor([[955.5767]], device='cuda:0')
tensor([[920.0346]], device='cuda:0')
tensor([[976.6805]], device='cuda:0')
tensor([[959.1366]], device='cuda:0')
tensor([[997.1273]], device='cuda:0')
tensor([[997.4175]], device='cuda:0')
tensor([[987.5624]], device='cuda:0')
tensor([[1015.2502]], device='cuda:0')
tensor([[962.4430]], device='cuda:0')
tensor([[964.8301]], device='cuda:0')
tensor([[1007.5601]], device='cuda:0')
tensor([[962.4163]], device='cuda:0')
tensor([[976.9093]], device='cuda:0')
tensor([[995.7695]], device='cuda:0')
tensor([[967.3667]], device='cuda:0')
tensor([[970.0407]], device='cuda:0')
tensor([[989.6719]], device='cuda:0')
tensor([[983.7064]], device='cuda:0')
tensor([[960.3217]], device='cuda:0')
tensor([[981.8215]], device='cuda:0')
tensor([[958.8390]], device='cuda:0')
tensor([[972.4253]], device='cuda:0')
tensor([[973.7650]], device='cuda:0')
tensor([[1005.6052]], device='cuda:0')
tensor([[970.4603]], device='cuda:0')
tensor([[949.5491]], device='cuda:0')
tensor([[947.0383]], device='cuda:0')
tensor([[913.8837]], device='cuda:0')
tensor([[966.5235]], device='cuda:0')
tensor([[993.5903]], device='cuda:0')
tensor([[946.4448]], device='cuda:0')
tensor([[955.1514]], device='cuda:0')
tensor([[933.7626]], device='cuda:0')
tensor([[921.5978]], device='cuda:0')
tensor([[989.8718]], device='cuda:0')
tensor([[975.4653]], device='cuda:0')
tensor([[981.4139]], device='cuda:0')
tensor([[938.4290]], device='cuda:0')
tensor([[981.7844]], device='cuda:0')
tensor([[982.8109]], device='cuda:0')
tensor([[976.8202]], device='cuda:0')
tensor([[1024.8817]], device='cuda:0')
tensor([[1045.0636]], device='cuda:0')
tensor([[1029.3998]], device='cuda:0')
tensor([[993.3855]], device='cuda:0')
tensor([[1008.8682]], device='cuda:0')
tensor([[993.2380]], device='cuda:0')
tensor([[989.8889]], device='cuda:0')
tensor([[921.6423]], device='cuda:0')
tensor([[954.0662]], device='cuda:0')
tensor([[990.3887]], device='cuda:0')
tensor([[953.2628]], device='cuda:0')
tensor([[993.8129]], device='cuda:0')
tensor([[1012.2645]], device='cuda:0')
tensor([[979.5339]], device='cuda:0')
tensor([[979.2131]], device='cuda:0')
tensor([[981.8685]], device='cuda:0')
tensor([[960.8096]], device='cuda:0')
tensor([[974.6844]], device='cuda:0')
tensor([[955.5186]], device='cuda:0')
tensor([[983.6094]], device='cuda:0')
tensor([[991.9512]], device='cuda:0')
tensor([[962.0125]], device='cuda:0')
tensor([[1019.1285]], device='cuda:0')
tensor([[959.5488]], device='cuda:0')
tensor([[933.5932]], device='cuda:0')
tensor([[993.9861]], device='cuda:0')
tensor([[1024.8389]], device='cuda:0')
tensor([[1004.9099]], device='cuda:0')
tensor([[942.4484]], device='cuda:0')
tensor([[972.9982]], device='cuda:0')
tensor([[996.7126]], device='cuda:0')
tensor([[988.7941]], device='cuda:0')
tensor([[990.2045]], device='cuda:0')
tensor([[968.6894]], device='cuda:0')
tensor([[962.5469]], device='cuda:0')
tensor([[1003.7032]], device='cuda:0')
tensor([[981.7894]], device='cuda:0')
tensor([[1011.5726]], device='cuda:0')
tensor([[974.5615]], device='cuda:0')
tensor([[982.7393]], device='cuda:0')
tensor([[1033.7469]], device='cuda:0')
tensor([[989.1537]], device='cuda:0')
tensor([[1012.3487]], device='cuda:0')
tensor([[1002.5987]], device='cuda:0')
tensor([[987.3112]], device='cuda:0')
tensor([[1033.6560]], device='cuda:0')
tensor([[1028.1006]], device='cuda:0')
tensor([[994.8099]], device='cuda:0')
tensor([[986.2556]], device='cuda:0')
tensor([[1005.0048]], device='cuda:0')
tensor([[1009.2624]], device='cuda:0')
tensor([[1025.7411]], device='cuda:0')
tensor([[1051.2561]], device='cuda:0')
tensor([[1046.9677]], device='cuda:0')
tensor([[976.9249]], device='cuda:0')
tensor([[1005.7734]], device='cuda:0')
tensor([[1002.9252]], device='cuda:0')
tensor([[966.7387]], device='cuda:0')
tensor([[1021.0991]], device='cuda:0')
tensor([[1048.5518]], device='cuda:0')
tensor([[1016.0244]], device='cuda:0')
tensor([[1004.1267]], device='cuda:0')
tensor([[1024.2076]], device='cuda:0')
tensor([[962.4395]], device='cuda:0')
tensor([[1020.1309]], device='cuda:0')
tensor([[954.9938]], device='cuda:0')
tensor([[1000.3046]], device='cuda:0')
tensor([[991.0635]], device='cuda:0')
tensor([[990.5281]], device='cuda:0')
tensor([[1043.9783]], device='cuda:0')
tensor([[1021.5158]], device='cuda:0')
tensor([[1055.1666]], device='cuda:0')
tensor([[1012.9721]], device='cuda:0')
tensor([[1027.9148]], device='cuda:0')
tensor([[985.8322]], device='cuda:0')
tensor([[996.6734]], device='cuda:0')
tensor([[1018.8595]], device='cuda:0')
tensor([[1066.4979]], device='cuda:0')
tensor([[979.1022]], device='cuda:0')
tensor([[1008.9911]], device='cuda:0')
tensor([[1016.9986]], device='cuda:0')
tensor([[1070.2136]], device='cuda:0')
tensor([[1005.3951]], device='cuda:0')
tensor([[1007.9958]], device='cuda:0')
tensor([[1007.8920]], device='cuda:0')
tensor([[1038.6519]], device='cuda:0')
tensor([[1016.6496]], device='cuda:0')
tensor([[1008.7659]], device='cuda:0')
tensor([[1025.7939]], device='cuda:0')
tensor([[1057.2452]], device='cuda:0')
tensor([[1009.6010]], device='cuda:0')
tensor([[1036.0181]], device='cuda:0')
tensor([[997.0581]], device='cuda:0')
tensor([[1026.9613]], device='cuda:0')
tensor([[1019.0508]], device='cuda:0')
tensor([[1044.1750]], device='cuda:0')
tensor([[1010.6271]], device='cuda:0')
tensor([[1039.1591]], device='cuda:0')
tensor([[1033.6595]], device='cuda:0')
tensor([[961.3182]], device='cuda:0')
tensor([[1027.5760]], device='cuda:0')
tensor([[1047.0734]], device='cuda:0')
tensor([[1018.9126]], device='cuda:0')
tensor([[1072.0593]], device='cuda:0')
tensor([[1024.7224]], device='cuda:0')
tensor([[1039.9285]], device='cuda:0')
tensor([[1006.2379]], device='cuda:0')
tensor([[1036.2300]], device='cuda:0')
tensor([[1010.9485]], device='cuda:0')
tensor([[1040.5646]], device='cuda:0')
tensor([[1031.0521]], device='cuda:0')
tensor([[1077.6727]], device='cuda:0')
tensor([[1028.9000]], device='cuda:0')
tensor([[1028.7654]], device='cuda:0')
tensor([[1020.0862]], device='cuda:0')
tensor([[1035.0759]], device='cuda:0')
tensor([[1071.8250]], device='cuda:0')
tensor([[1024.7795]], device='cuda:0')
tensor([[983.8851]], device='cuda:0')
tensor([[1006.3692]], device='cuda:0')
tensor([[1045.6764]], device='cuda:0')
tensor([[994.4543]], device='cuda:0')
tensor([[982.6754]], device='cuda:0')
tensor([[996.4982]], device='cuda:0')
tensor([[1011.2061]], device='cuda:0')
tensor([[999.2509]], device='cuda:0')
tensor([[1046.7788]], device='cuda:0')
tensor([[1066.9691]], device='cuda:0')
tensor([[994.0832]], device='cuda:0')
tensor([[1043.4812]], device='cuda:0')
tensor([[1020.6926]], device='cuda:0')
tensor([[1054.6936]], device='cuda:0')
tensor([[1040.7894]], device='cuda:0')
tensor([[1007.7283]], device='cuda:0')
tensor([[1018.0314]], device='cuda:0')
tensor([[986.2296]], device='cuda:0')
tensor([[1037.9451]], device='cuda:0')
tensor([[1047.1044]], device='cuda:0')
tensor([[1033.6898]], device='cuda:0')
tensor([[1030.5757]], device='cuda:0')
tensor([[1041.3625]], device='cuda:0')
tensor([[1054.5118]], device='cuda:0')
tensor([[1040.4038]], device='cuda:0')
tensor([[1007.0093]], device='cuda:0')
tensor([[1035.6404]], device='cuda:0')
tensor([[1040.2640]], device='cuda:0')
tensor([[1038.3253]], device='cuda:0')
tensor([[1064.2799]], device='cuda:0')
tensor([[1032.8862]], device='cuda:0')
tensor([[1071.0564]], device='cuda:0')
tensor([[1066.9242]], device='cuda:0')
tensor([[1053.6437]], device='cuda:0')
tensor([[1011.1396]], device='cuda:0')
tensor([[997.1476]], device='cuda:0')
tensor([[1034.7400]], device='cuda:0')
tensor([[1047.8453]], device='cuda:0')
tensor([[1023.6754]], device='cuda:0')
tensor([[1019.3278]], device='cuda:0')
tensor([[1052.9368]], device='cuda:0')
tensor([[1016.2338]], device='cuda:0')
tensor([[1052.6674]], device='cuda:0')
tensor([[983.0023]], device='cuda:0')
tensor([[1053.9437]], device='cuda:0')
tensor([[1042.2452]], device='cuda:0')
tensor([[1062.5726]], device='cuda:0')
tensor([[1055.2887]], device='cuda:0')
tensor([[1031.1888]], device='cuda:0')
tensor([[1043.8069]], device='cuda:0')
tensor([[1048.2241]], device='cuda:0')
tensor([[1033.5233]], device='cuda:0')
tensor([[1011.5807]], device='cuda:0')
tensor([[1065.4585]], device='cuda:0')
tensor([[1049.6438]], device='cuda:0')
tensor([[993.4103]], device='cuda:0')
tensor([[1040.8247]], device='cuda:0')
tensor([[1025.4390]], device='cuda:0')
tensor([[1051.9098]], device='cuda:0')
tensor([[1049.3690]], device='cuda:0')
tensor([[1044.3699]], device='cuda:0')
tensor([[1069.4944]], device='cuda:0')
tensor([[1007.1337]], device='cuda:0')
tensor([[1044.2645]], device='cuda:0')
tensor([[1017.6141]], device='cuda:0')
tensor([[1079.1134]], device='cuda:0')
tensor([[1021.8874]], device='cuda:0')
tensor([[1057.2421]], device='cuda:0')
tensor([[999.6481]], device='cuda:0')
tensor([[1019.3561]], device='cuda:0')
tensor([[982.5670]], device='cuda:0')
tensor([[1009.4390]], device='cuda:0')
tensor([[1042.4664]], device='cuda:0')
tensor([[1047.5620]], device='cuda:0')
tensor([[1036.1980]], device='cuda:0')
tensor([[1017.1680]], device='cuda:0')
tensor([[1016.3972]], device='cuda:0')
tensor([[1009.9890]], device='cuda:0')
tensor([[994.4370]], device='cuda:0')
tensor([[1042.9913]], device='cuda:0')
tensor([[1011.8500]], device='cuda:0')
tensor([[1056.3474]], device='cuda:0')
tensor([[1039.9203]], device='cuda:0')
tensor([[998.2661]], device='cuda:0')
tensor([[993.9562]], device='cuda:0')
tensor([[1060.6554]], device='cuda:0')
tensor([[1015.2463]], device='cuda:0')
tensor([[1015.7058]], device='cuda:0')
tensor([[1048.2423]], device='cuda:0')
tensor([[1046.5703]], device='cuda:0')
tensor([[997.4013]], device='cuda:0')
tensor([[1054.9949]], device='cuda:0')
tensor([[1012.1646]], device='cuda:0')
tensor([[1048.5940]], device='cuda:0')
tensor([[1015.9522]], device='cuda:0')
tensor([[1025.7693]], device='cuda:0')
tensor([[1041.6376]], device='cuda:0')
tensor([[1035.7211]], device='cuda:0')
tensor([[1029.8770]], device='cuda:0')
tensor([[1041.5662]], device='cuda:0')
tensor([[1001.4476]], device='cuda:0')
tensor([[1046.8405]], device='cuda:0')
tensor([[1001.2606]], device='cuda:0')
tensor([[984.1473]], device='cuda:0')
tensor([[1048.9526]], device='cuda:0')
tensor([[1076.8284]], device='cuda:0')
tensor([[1001.8935]], device='cuda:0')
tensor([[1053.5251]], device='cuda:0')
tensor([[1036.7341]], device='cuda:0')
tensor([[1027.1740]], device='cuda:0')
tensor([[1050.1028]], device='cuda:0')
tensor([[1021.5563]], device='cuda:0')
tensor([[1053.7460]], device='cuda:0')
tensor([[1051.7767]], device='cuda:0')
tensor([[1022.4825]], device='cuda:0')
tensor([[1023.2170]], device='cuda:0')
tensor([[1002.0945]], device='cuda:0')
tensor([[1052.1510]], device='cuda:0')
tensor([[1032.9547]], device='cuda:0')
tensor([[1006.5871]], device='cuda:0')
tensor([[969.9607]], device='cuda:0')
tensor([[1103.3135]], device='cuda:0')
tensor([[1051.3329]], device='cuda:0')
tensor([[1010.2310]], device='cuda:0')
tensor([[1047.5372]], device='cuda:0')
tensor([[1070.2499]], device='cuda:0')
tensor([[1027.5657]], device='cuda:0')
tensor([[1048.2987]], device='cuda:0')
tensor([[1033.9587]], device='cuda:0')
tensor([[1052.8727]], device='cuda:0')
tensor([[1043.9141]], device='cuda:0')
tensor([[1047.8779]], device='cuda:0')
tensor([[1007.3127]], device='cuda:0')
tensor([[1046.3827]], device='cuda:0')
tensor([[1009.4280]], device='cuda:0')
tensor([[1013.2000]], device='cuda:0')
tensor([[1015.0656]], device='cuda:0')
tensor([[1041.3489]], device='cuda:0')
tensor([[1054.4258]], device='cuda:0')
tensor([[1003.2938]], device='cuda:0')
tensor([[995.2993]], device='cuda:0')
tensor([[1050.4445]], device='cuda:0')
tensor([[1031.9941]], device='cuda:0')
tensor([[1032.2233]], device='cuda:0')
tensor([[1038.1379]], device='cuda:0')
tensor([[1049.8003]], device='cuda:0')
tensor([[997.9731]], device='cuda:0')
tensor([[1022.5466]], device='cuda:0')
tensor([[1014.9206]], device='cuda:0')
tensor([[1012.7180]], device='cuda:0')
tensor([[1055.0177]], device='cuda:0')
tensor([[1018.9868]], device='cuda:0')
tensor([[1017.7271]], device='cuda:0')
tensor([[1059.9235]], device='cuda:0')
tensor([[1018.1537]], device='cuda:0')
tensor([[1047.2444]], device='cuda:0')
tensor([[1028.8351]], device='cuda:0')
tensor([[1022.8134]], device='cuda:0')
tensor([[1069.0149]], device='cuda:0')
tensor([[1035.2166]], device='cuda:0')
tensor([[1048.7644]], device='cuda:0')
tensor([[1055.4784]], device='cuda:0')
tensor([[1012.0664]], device='cuda:0')
tensor([[1058.6848]], device='cuda:0')
tensor([[1009.3037]], device='cuda:0')
tensor([[1062.8243]], device='cuda:0')
tensor([[1053.8589]], device='cuda:0')
tensor([[1014.7699]], device='cuda:0')
tensor([[1032.8794]], device='cuda:0')
tensor([[1029.8556]], device='cuda:0')
tensor([[1049.4059]], device='cuda:0')
tensor([[1050.7759]], device='cuda:0')
tensor([[1041.6967]], device='cuda:0')
tensor([[1038.0287]], device='cuda:0')
tensor([[1041.2870]], device='cuda:0')
tensor([[1010.5096]], device='cuda:0')
tensor([[1049.3860]], device='cuda:0')
tensor([[1087.4293]], device='cuda:0')
tensor([[1023.2009]], device='cuda:0')
tensor([[1058.2480]], device='cuda:0')
tensor([[1047.7803]], device='cuda:0')
tensor([[965.5562]], device='cuda:0')
tensor([[1036.9149]], device='cuda:0')
tensor([[1054.6434]], device='cuda:0')
tensor([[1034.2094]], device='cuda:0')
tensor([[1027.4944]], device='cuda:0')
tensor([[1037.0094]], device='cuda:0')
tensor([[1056.1678]], device='cuda:0')
tensor([[1045.3256]], device='cuda:0')
tensor([[1050.0121]], device='cuda:0')
tensor([[1044.3290]], device='cuda:0')
tensor([[1059.7008]], device='cuda:0')
tensor([[977.4602]], device='cuda:0')
tensor([[1001.8766]], device='cuda:0')
tensor([[1011.5143]], device='cuda:0')
tensor([[1058.5752]], device='cuda:0')
tensor([[1050.1213]], device='cuda:0')
tensor([[1072.4822]], device='cuda:0')
tensor([[1033.0284]], device='cuda:0')
tensor([[1055.6993]], device='cuda:0')
tensor([[1010.1274]], device='cuda:0')
tensor([[992.0652]], device='cuda:0')
tensor([[1054.8334]], device='cuda:0')
tensor([[1015.7927]], device='cuda:0')
tensor([[1054.8394]], device='cuda:0')
tensor([[1031.2919]], device='cuda:0')
tensor([[1054.1963]], device='cuda:0')
tensor([[1042.7450]], device='cuda:0')
tensor([[1034.9856]], device='cuda:0')
tensor([[1052.5519]], device='cuda:0')
tensor([[1056.8145]], device='cuda:0')
tensor([[1035.4664]], device='cuda:0')
tensor([[1040.4108]], device='cuda:0')
tensor([[1049.3317]], device='cuda:0')
tensor([[1040.1050]], device='cuda:0')
tensor([[1025.2975]], device='cuda:0')
tensor([[1055.7354]], device='cuda:0')
tensor([[1064.8036]], device='cuda:0')
tensor([[1041.0001]], device='cuda:0')
tensor([[1059.3193]], device='cuda:0')
tensor([[1058.3942]], device='cuda:0')
tensor([[1027.0457]], device='cuda:0')
tensor([[1023.5065]], device='cuda:0')
tensor([[1056.7190]], device='cuda:0')
tensor([[1030.9988]], device='cuda:0')
tensor([[1044.7319]], device='cuda:0')
tensor([[1031.9966]], device='cuda:0')
tensor([[1033.6331]], device='cuda:0')
tensor([[1048.9596]], device='cuda:0')
tensor([[1031.6299]], device='cuda:0')
tensor([[1064.3242]], device='cuda:0')
tensor([[1067.4717]], device='cuda:0')
tensor([[1043.9977]], device='cuda:0')
tensor([[1027.9590]], device='cuda:0')
tensor([[1010.2620]], device='cuda:0')
tensor([[1054.9478]], device='cuda:0')
tensor([[1036.3943]], device='cuda:0')
tensor([[1068.1129]], device='cuda:0')
tensor([[1063.0453]], device='cuda:0')
tensor([[1064.4717]], device='cuda:0')
tensor([[1024.2136]], device='cuda:0')
tensor([[1055.3146]], device='cuda:0')
tensor([[991.0602]], device='cuda:0')
tensor([[1088.8390]], device='cuda:0')
tensor([[1055.4513]], device='cuda:0')
tensor([[1008.7026]], device='cuda:0')
tensor([[979.2438]], device='cuda:0')
tensor([[1054.3789]], device='cuda:0')
tensor([[1046.5856]], device='cuda:0')
tensor([[1029.1925]], device='cuda:0')
tensor([[1047.0117]], device='cuda:0')
tensor([[1028.0864]], device='cuda:0')
tensor([[1071.6737]], device='cuda:0')
tensor([[1039.3660]], device='cuda:0')
tensor([[1048.8608]], device='cuda:0')
tensor([[1055.1772]], device='cuda:0')
tensor([[1050.0869]], device='cuda:0')
tensor([[1007.8823]], device='cuda:0')
tensor([[1045.2787]], device='cuda:0')
tensor([[1001.7653]], device='cuda:0')
